<?xml version="1.0" encoding="UTF-8" standalone="yes"?>
<taskbook>
    <tasks>
        <name>running</name>
        <startDate></startDate>
        <endDate></endDate>
        <venue></venue>
        <priority>HIGH</priority>
        <status>DONE</status>
        <pinTask>PIN</pinTask>
    </tasks>
    <tasks>
        <name>play by the day after</name>
        <startDate>Thu Oct 27 22:26:03 SGT 2016</startDate>
        <endDate></endDate>
        <venue></venue>
        <priority>MEDIUM</priority>
        <status>ACTIVE</status>
        <pinTask>UNPIN</pinTask>
        <tagged>sports</tagged>
        <tagged>chickenwing</tagged>
        <tagged>friends</tagged>
    </tasks>
    <tasks>
        <name>fun</name>
        <startDate></startDate>
        <endDate>Wed Oct 26 23:10:00 SGT 2016</endDate>
        <venue> wngreen</venue>
        <priority>MEDIUM</priority>
        <status>EXPIRED</status>
        <pinTask>UNPIN</pinTask>
    </tasks>
    <tasks>
        <name>joy</name>
        <startDate></startDate>
        <endDate></endDate>
        <venue> tgreen</venue>
        <priority>MEDIUM</priority>
        <status>ACTIVE</status>
        <pinTask>UNPIN</pinTask>
    </tasks>
    <tasks>
        <name>fun</name>
        <startDate></startDate>
        <endDate>Fri Oct 28 00:00:00 SGT 2016</endDate>
        <venue> </venue>
        <priority>HIGH</priority>
        <status>ACTIVE</status>
        <pinTask>UNPIN</pinTask>
    </tasks>
    <tasks>
        <name>picnic</name>
        <startDate>Fri Oct 28 01:00:00 SGT 2016</startDate>
        <endDate></endDate>
        <venue> green</venue>
        <priority>MEDIUM</priority>
        <status>ACTIVE</status>
        <pinTask>UNPIN</pinTask>
    </tasks>
    <tasks>
        <name>fun</name>
        <startDate></startDate>
        <endDate>Fri Oct 28 02:00:00 SGT 2016</endDate>
        <venue> town</venue>
        <priority>MEDIUM</priority>
        <status>ACTIVE</status>
        <pinTask>UNPIN</pinTask>
    </tasks>
    <tasks>
        <name>fun</name>
        <startDate></startDate>
        <endDate>Fri Oct 28 03:00:00 SGT 2016</endDate>
        <venue> teen</venue>
        <priority>MEDIUM</priority>
        <status>ACTIVE</status>
        <pinTask>UNPIN</pinTask>
    </tasks>
    <tasks>
        <name>marsh</name>
        <startDate>Fri Oct 28 04:00:00 SGT 2016</startDate>
        <endDate></endDate>
        <venue> rty</venue>
        <priority>MEDIUM</priority>
        <status>ACTIVE</status>
        <pinTask>UNPIN</pinTask>
    </tasks>
    <tasks>
        <name>jump</name>
        <startDate></startDate>
        <endDate>Fri Oct 28 05:00:00 SGT 2016</endDate>
        <venue> peepee</venue>
        <priority>MEDIUM</priority>
        <status>ACTIVE</status>
        <pinTask>UNPIN</pinTask>
    </tasks>
    <tasks>
        <name>fun</name>
        <startDate>Fri Oct 28 06:00:00 SGT 2016</startDate>
        <endDate>Fri Oct 28 07:00:00 SGT 2016</endDate>
        <venue> engine</venue>
        <priority>MEDIUM</priority>
        <status>ACTIVE</status>
        <pinTask>UNPIN</pinTask>
    </tasks>
    <tasks>
        <name>fun</name>
        <startDate></startDate>
        <endDate>Fri Oct 28 08:00:00 SGT 2016</endDate>
        <venue> towngreen</venue>
        <priority>MEDIUM</priority>
        <status>IGNORE</status>
        <pinTask>PIN</pinTask>
    </tasks>
    <tasks>
        <name>skip</name>
        <startDate></startDate>
        <endDate>Fri Oct 28 08:00:00 SGT 2016</endDate>
        <venue> towngreen</venue>
        <priority>MEDIUM</priority>
        <status>ACTIVE</status>
        <pinTask>UNPIN</pinTask>
    </tasks>
    <tasks>
        <name>fun</name>
        <startDate></startDate>
        <endDate>Fri Oct 28 09:00:00 SGT 2016</endDate>
        <venue> TP</venue>
        <priority>MEDIUM</priority>
        <status>ACTIVE</status>
        <pinTask>UNPIN</pinTask>
    </tasks>
    <tasks>
        <name>dhgcf</name>
        <startDate></startDate>
        <endDate>Sat Oct 29 01:00:00 SGT 2016</endDate>
        <venue> TPdkuyvd hv</venue>
        <priority>MEDIUM</priority>
        <status>DONE</status>
        <pinTask>UNPIN</pinTask>
    </tasks>
    <tasks>
        <name>k</name>
        <startDate></startDate>
        <endDate>Sat Oct 29 01:30:00 SGT 2016</endDate>
        <venue> TPyvd hv</venue>
        <priority>LOW</priority>
        <status>ACTIVE</status>
        <pinTask>UNPIN</pinTask>
    </tasks>
    <tasks>
        <name>dfgy</name>
        <startDate></startDate>
        <endDate>Sat Oct 29 02:00:00 SGT 2016</endDate>
        <venue> TPdkuy hv</venue>
        <priority>MEDIUM</priority>
        <status>DONE</status>
        <pinTask>UNPIN</pinTask>
    </tasks>
    <tasks>
        <name>dfgyuj</name>
        <startDate></startDate>
        <endDate>Sat Oct 29 03:00:00 SGT 2016</endDate>
        <venue> kuyvd hv</venue>
        <priority>MEDIUM</priority>
        <status>IGNORE</status>
        <pinTask>UNPIN</pinTask>
    </tasks>
    <tasks>
        <name>jlkjhgcf</name>
        <startDate></startDate>
        <endDate>Sat Oct 29 04:00:00 SGT 2016</endDate>
        <venue></venue>
        <priority>MEDIUM</priority>
        <status>ACTIVE</status>
        <pinTask>PIN</pinTask>
    </tasks>
    <tasks>
        <name>dgcf</name>
        <startDate></startDate>
        <endDate>Sat Oct 29 05:00:00 SGT 2016</endDate>
        <venue> TPdkuyvd hv</venue>
        <priority>MEDIUM</priority>
        <status>DONE</status>
        <pinTask>UNPIN</pinTask>
    </tasks>
    <tasks>
        <name>dfgyuj</name>
        <startDate></startDate>
        <endDate>Sat Oct 29 06:00:00 SGT 2016</endDate>
        <venue> TPdkuyvd hv</venue>
        <priority>LOW</priority>
        <status>DONE</status>
        <pinTask>PIN</pinTask>
    </tasks>
    <tasks>
        <name>gcf</name>
        <startDate></startDate>
        <endDate>Sat Oct 29 07:00:00 SGT 2016</endDate>
        <venue> TPdkuyvd hv</venue>
        <priority>MEDIUM</priority>
        <status>ACTIVE</status>
        <pinTask>UNPIN</pinTask>
    </tasks>
    <tasks>
        <name>dfjhgcf</name>
        <startDate></startDate>
        <endDate>Sat Oct 29 08:00:00 SGT 2016</endDate>
        <venue> TPdkuyvd hv</venue>
        <priority>MEDIUM</priority>
        <status>ACTIVE</status>
        <pinTask>UNPIN</pinTask>
    </tasks>
    <tasks>
        <name>jhgcf</name>
        <startDate></startDate>
        <endDate>Sat Oct 29 09:00:00 SGT 2016</endDate>
        <venue> TPhv</venue>
        <priority>MEDIUM</priority>
        <status>ACTIVE</status>
        <pinTask>UNPIN</pinTask>
    </tasks>
    <tasks>
        <name>jhgcf</name>
        <startDate></startDate>
        <endDate>Sat Oct 29 10:00:00 SGT 2016</endDate>
        <venue> TPhv</venue>
        <priority>MEDIUM</priority>
        <status>ACTIVE</status>
        <pinTask>UNPIN</pinTask>
    </tasks>
    <tasks>
        <name>djhgcf</name>
        <startDate></startDate>
        <endDate>Sun Oct 30 00:30:00 SGT 2016</endDate>
        <venue> TPhv</venue>
        <priority>MEDIUM</priority>
        <status>ACTIVE</status>
        <pinTask>UNPIN</pinTask>
    </tasks>
    <tasks>
        <name>rjhgcf</name>
        <startDate></startDate>
        <endDate>Sun Oct 30 01:30:00 SGT 2016</endDate>
        <venue> TPhv</venue>
        <priority>MEDIUM</priority>
        <status>ACTIVE</status>
        <pinTask>UNPIN</pinTask>
    </tasks>
    <tasks>
        <name>dfgjhgcf</name>
        <startDate></startDate>
        <endDate>Sun Oct 30 02:30:00 SGT 2016</endDate>
        <venue> TPhv</venue>
        <priority>MEDIUM</priority>
        <status>ACTIVE</status>
        <pinTask>UNPIN</pinTask>
    </tasks>
    <tasks>
        <name>jhgcf</name>
        <startDate></startDate>
        <endDate>Sun Oct 30 03:30:00 SGT 2016</endDate>
        <venue> TPhv</venue>
        <priority>MEDIUM</priority>
        <status>ACTIVE</status>
        <pinTask>UNPIN</pinTask>
    </tasks>
    <tasks>
        <name>jccccccchgcf</name>
        <startDate></startDate>
        <endDate>Sun Oct 30 04:30:00 SGT 2016</endDate>
        <venue> TPhv</venue>
        <priority>MEDIUM</priority>
        <status>ACTIVE</status>
        <pinTask>UNPIN</pinTask>
    </tasks>
    <tasks>
        <name>jhfffffgcf</name>
        <startDate></startDate>
        <endDate>Sun Oct 30 05:30:00 SGT 2016</endDate>
        <venue> TPhv</venue>
        <priority>MEDIUM</priority>
        <status>ACTIVE</status>
        <pinTask>UNPIN</pinTask>
    </tasks>
    <tasks>
        <name>rrrrjhgcf</name>
        <startDate></startDate>
        <endDate>Sun Oct 30 06:30:00 SGT 2016</endDate>
        <venue> TPhv</venue>
        <priority>MEDIUM</priority>
        <status>ACTIVE</status>
        <pinTask>UNPIN</pinTask>
    </tasks>
    <tasks>
        <name>lllljhgcf</name>
        <startDate></startDate>
        <endDate>Sun Oct 30 07:30:00 SGT 2016</endDate>
        <venue> TPhv</venue>
        <priority>MEDIUM</priority>
        <status>ACTIVE</status>
        <pinTask>UNPIN</pinTask>
    </tasks>
    <tasks>
        <name>ppppjhgcf</name>
        <startDate></startDate>
        <endDate>Sun Oct 30 08:30:00 SGT 2016</endDate>
        <venue> TPhv</venue>
        <priority>MEDIUM</priority>
        <status>ACTIVE</status>
        <pinTask>UNPIN</pinTask>
    </tasks>
    <tasks>
        <name>jjjjjhgcf</name>
        <startDate></startDate>
        <endDate>Sun Oct 30 09:30:00 SGT 2016</endDate>
        <venue> TPhv</venue>
        <priority>MEDIUM</priority>
        <status>ACTIVE</status>
        <pinTask>UNPIN</pinTask>
    </tasks>
    <tasks>
        <name>fffjhgcf</name>
        <startDate></startDate>
        <endDate>Sun Oct 30 10:30:00 SGT 2016</endDate>
        <venue> TPhv</venue>
        <priority>MEDIUM</priority>
        <status>ACTIVE</status>
        <pinTask>UNPIN</pinTask>
    </tasks>
    <tasks>
        <name>aaajhgcf</name>
        <startDate></startDate>
        <endDate>Sun Oct 30 11:30:00 SGT 2016</endDate>
        <venue> TPhv</venue>
        <priority>MEDIUM</priority>
        <status>ACTIVE</status>
        <pinTask>UNPIN</pinTask>
    </tasks>
    <tasks>
        <name>jhgefvcf</name>
        <startDate></startDate>
        <endDate>Sun Oct 30 12:30:00 SGT 2016</endDate>
        <venue> TPhv</venue>
        <priority>MEDIUM</priority>
        <status>ACTIVE</status>
        <pinTask>UNPIN</pinTask>
    </tasks>
    <tasks>
        <name>jhefgif</name>
        <startDate></startDate>
        <endDate>Sun Oct 30 13:30:00 SGT 2016</endDate>
        <venue> TPhv</venue>
        <priority>MEDIUM</priority>
        <status>ACTIVE</status>
        <pinTask>UNPIN</pinTask>
    </tasks>
    <tasks>
        <name>jf</name>
        <startDate></startDate>
        <endDate>Sun Oct 30 14:30:00 SGT 2016</endDate>
        <venue> TPhv</venue>
        <priority>HIGH</priority>
        <status>ACTIVE</status>
        <pinTask>PIN</pinTask>
    </tasks>
    <tasks>
        <name>ily</name>
        <startDate></startDate>
        <endDate>Wed Oct 26 22:55:00 SGT 2016</endDate>
        <venue></venue>
        <priority>MEDIUM</priority>
        <status>EXPIRED</status>
        <pinTask>UNPIN</pinTask>
    </tasks>
    <tasks>
        <name>butt</name>
        <startDate></startDate>
        <endDate>Wed Oct 26 22:56:00 SGT 2016</endDate>
        <venue></venue>
        <priority>MEDIUM</priority>
        <status>EXPIRED</status>
        <pinTask>UNPIN</pinTask>
    </tasks>
    <tasks>
        <name>tada</name>
        <startDate></startDate>
        <endDate>Wed Oct 26 22:56:00 SGT 2016</endDate>
        <venue></venue>
        <priority>MEDIUM</priority>
        <status>EXPIRED</status>
        <pinTask>UNPIN</pinTask>
    </tasks>
    <tasks>
        <name>preety</name>
        <startDate></startDate>
        <endDate>Wed Oct 26 22:56:00 SGT 2016</endDate>
        <venue> gg</venue>
        <priority>MEDIUM</priority>
        <status>EXPIRED</status>
        <pinTask>UNPIN</pinTask>
        <tagged>pwreety</tagged>
    </tasks>
    <tasks>
        <name>jh</name>
        <startDate></startDate>
        <endDate>Sat Oct 01 18:30:00 SGT 2016</endDate>
        <venue> TPhv</venue>
        <priority>MEDIUM</priority>
        <status>EXPIRED</status>
        <pinTask>UNPIN</pinTask>
    </tasks>
    <tasks>
        <name>qqqqqfghjkm</name>
        <startDate></startDate>
        <endDate>Mon Aug 01 13:30:00 SGT 2016</endDate>
        <venue> TPhv</venue>
        <priority>MEDIUM</priority>
        <status>EXPIRED</status>
        <pinTask>UNPIN</pinTask>
    </tasks>
    <tasks>
        <name>aaaaaaafghjkm</name>
        <startDate></startDate>
        <endDate>Mon Aug 01 14:30:00 SGT 2016</endDate>
        <venue> TPhv</venue>
        <priority>MEDIUM</priority>
        <status>EXPIRED</status>
        <pinTask>UNPIN</pinTask>
    </tasks>
    <tasks>
        <name>fghdfvdfjkm</name>
        <startDate></startDate>
        <endDate>Mon Aug 01 18:30:00 SGT 2016</endDate>
        <venue> TPhv</venue>
        <priority>MEDIUM</priority>
        <status>EXPIRED</status>
        <pinTask>UNPIN</pinTask>
    </tasks>
    <tasks>
        <name>fghm</name>
        <startDate></startDate>
        <endDate>Mon Aug 01 15:30:00 SGT 2016</endDate>
        <venue> TPhv</venue>
        <priority>MEDIUM</priority>
        <status>EXPIRED</status>
        <pinTask>UNPIN</pinTask>
    </tasks>
    <tasks>
        <name>fghjkm</name>
        <startDate></startDate>
        <endDate>Mon Aug 01 16:30:00 SGT 2016</endDate>
        <venue> TPhv</venue>
        <priority>MEDIUM</priority>
        <status>EXPIRED</status>
        <pinTask>UNPIN</pinTask>
    </tasks>
    <tasks>
        <name>fghjkm</name>
        <startDate></startDate>
        <endDate>Mon Aug 01 17:30:00 SGT 2016</endDate>
        <venue> TPhv</venue>
        <priority>MEDIUM</priority>
        <status>EXPIRED</status>
        <pinTask>UNPIN</pinTask>
    </tasks>
    <tags>
        <tagName>sports</tagName>
    </tags>
    <tags>
        <tagName>friends</tagName>
    </tags>
    <tags>
        <tagName>chickenwing</tagName>
    </tags>
    <tags>
        <tagName>pwreety</tagName>
    </tags>
</taskbook>
