<?xml version="1.0" encoding="UTF-8" standalone="yes"?>
<taskbook>
    <tasks>
        <name>study for CS2103 finals</name>
        <startDate></startDate>
        <endDate>Fri Nov 25 16:11:13 GMT+08:00 2016</endDate>
        <venue></venue>
        <priority>HIGH</priority>
        <status>ACTIVE</status>
        <pinTask>UNPIN</pinTask>
        <tagged>coding</tagged>
        <tagged>grades</tagged>
    </tasks>
    <tasks>
        <name>study for IE3101 finals</name>
        <startDate></startDate>
        <endDate>Sat Nov 19 16:12:19 GMT+08:00 2016</endDate>
        <venue></venue>
        <priority>MEDIUM</priority>
        <status>ACTIVE</status>
        <pinTask>UNPIN</pinTask>
        <tagged>stats</tagged>
        <tagged>grades</tagged>
    </tasks>
    <tasks>
        <name>foolsball</name>
        <startDate></startDate>
        <endDate>Wed Nov 02 08:00:00 SGT 2016</endDate>
        <venue></venue>
        <priority>MEDIUM</priority>
        <status>EXPIRED</status>
        <pinTask>UNPIN</pinTask>
    </tasks>
    <tasks>
        <name>project meeting for IE2110 term paper</name>
        <startDate></startDate>
        <endDate>Fri Nov 11 16:13:05 GMT+08:00 2016</endDate>
        <venue></venue>
        <priority>LOW</priority>
        <status>ACTIVE</status>
        <pinTask>UNPIN</pinTask>
        <tagged>termpaper</tagged>
        <tagged>grades</tagged>
    </tasks>
    <tasks>
        <name>go wild wild wet</name>
        <startDate>Tue Nov 01 08:00:00 SGT 2016</startDate>
        <endDate>Tue Nov 01 12:00:00 SGT 2016</endDate>
        <venue></venue>
        <priority>MEDIUM</priority>
        <status>EXPIRED</status>
        <pinTask>UNPIN</pinTask>
    </tasks>
    <tasks>
        <name>write CFG essay</name>
        <startDate></startDate>
        <endDate></endDate>
        <venue></venue>
        <priority>LOW</priority>
        <status>DONE</status>
        <pinTask>UNPIN</pinTask>
        <tagged>work</tagged>
        <tagged>grades</tagged>
    </tasks>
    <tasks>
        <name>IE2101 presentation</name>
        <startDate>Tue Nov 15 09:00:00 GMT+08:00 2016</startDate>
        <endDate>Tue Nov 15 10:00:00 GMT+08:00 2016</endDate>
        <venue> EA</venue>
        <priority>HIGH</priority>
        <status>ACTIVE</status>
        <pinTask>UNPIN</pinTask>
    </tasks>
    <tasks>
        <name>find internship for winter holidays</name>
        <startDate></startDate>
        <endDate></endDate>
        <venue></venue>
        <priority>MEDIUM</priority>
        <status>ACTIVE</status>
        <pinTask>UNPIN</pinTask>
        <tagged>money</tagged>
        <tagged>work</tagged>
    </tasks>
    <tasks>
        <name>plan itinerary Krabi holiday</name>
        <startDate></startDate>
        <endDate></endDate>
        <venue></venue>
        <priority>HIGH</priority>
        <status>ACTIVE</status>
        <pinTask>UNPIN</pinTask>
        <tagged>holz</tagged>
        <tagged>chill</tagged>
    </tasks>
    <tasks>
        <name>Krabi Holiday</name>
        <startDate>Tue Jan 03 16:16:45 GMT+08:00 2017</startDate>
        <endDate>Fri Jan 06 16:16:45 GMT+08:00 2017</endDate>
        <venue> Krabi</venue>
        <priority>MEDIUM</priority>
        <status>ACTIVE</status>
        <pinTask>UNPIN</pinTask>
        <tagged>holz</tagged>
    </tasks>
    <tasks>
        <name>Cindy Birthday celebration</name>
        <startDate>Mon Dec 05 18:00:00 GMT+08:00 2016</startDate>
        <endDate>Mon Dec 05 22:00:00 GMT+08:00 2016</endDate>
        <venue> bukit panjang</venue>
        <priority>MEDIUM</priority>
        <status>ACTIVE</status>
        <pinTask>UNPIN</pinTask>
        <tagged>brirthday</tagged>
        <tagged>friends</tagged>
    </tasks>
    <tasks>
        <name>write reflections for ES2331</name>
        <startDate></startDate>
        <endDate></endDate>
        <venue></venue>
        <priority>MEDIUM</priority>
        <status>ACTIVE</status>
        <pinTask>UNPIN</pinTask>
        <tagged>grades</tagged>
    </tasks>
    <tasks>
        <name>IE3101 finals</name>
        <startDate>Sat Nov 19 09:00:00 GMT+08:00 2016</startDate>
        <endDate>Sat Nov 19 11:00:00 GMT+08:00 2016</endDate>
        <venue> SRC</venue>
        <priority>HIGH</priority>
        <status>ACTIVE</status>
        <pinTask>UNPIN</pinTask>
        <tagged>exam</tagged>
    </tasks>
    <tasks>
        <name>pass notes and tutorial worksheets to my juniors</name>
        <startDate>Thu Dec 01 16:22:47 GMT+08:00 2016</startDate>
        <endDate></endDate>
        <venue></venue>
        <priority>MEDIUM</priority>
        <status>ACTIVE</status>
        <pinTask>UNPIN</pinTask>
        <tagged>friends</tagged>
    </tasks>
    <tasks>
        <name>CS2103 finals</name>
        <startDate>Sat Nov 26 09:00:00 GMT+08:00 2016</startDate>
        <endDate>Sat Nov 26 11:00:00 GMT+08:00 2016</endDate>
        <venue> SRC</venue>
        <priority>MEDIUM</priority>
        <status>ACTIVE</status>
        <pinTask>UNPIN</pinTask>
        <tagged>exams</tagged>
    </tasks>
    <tasks>
        <name>ZoukOut</name>
        <startDate>Fri Dec 09 16:24:57 GMT+08:00 2016</startDate>
        <endDate>Sat Dec 10 16:24:57 GMT+08:00 2016</endDate>
        <venue> sentosa</venue>
        <priority>MEDIUM</priority>
        <status>ACTIVE</status>
        <pinTask>UNPIN</pinTask>
        <tagged>party</tagged>
    </tasks>
    <tasks>
        <name>buy new bag and clothes for next semester</name>
        <startDate></startDate>
        <endDate></endDate>
        <venue></venue>
        <priority>MEDIUM</priority>
        <status>ACTIVE</status>
        <pinTask>UNPIN</pinTask>
        <tagged>hipster</tagged>
        <tagged>fashion</tagged>
    </tasks>
    <tasks>
        <name>learn R programming during holidays</name>
        <startDate>Thu Dec 01 16:26:18 GMT+08:00 2016</startDate>
        <endDate></endDate>
        <venue></venue>
        <priority>LOW</priority>
        <status>ACTIVE</status>
        <pinTask>UNPIN</pinTask>
        <tagged>coding</tagged>
    </tasks>
    <tasks>
        <name>train for StanChart Marathon next year</name>
        <startDate></startDate>
        <endDate></endDate>
        <venue></venue>
        <priority>MEDIUM</priority>
        <status>ACTIVE</status>
        <pinTask>UNPIN</pinTask>
        <tagged>fitness</tagged>
    </tasks>
    <tasks>
        <name>arrange consultation for IEM</name>
        <startDate></startDate>
        <endDate></endDate>
        <venue></venue>
        <priority>MEDIUM</priority>
        <status>DONE</status>
        <pinTask>UNPIN</pinTask>
        <tagged>writing</tagged>
    </tasks>
    <tasks>
        <name>buy tickets for Guns N Roses concert</name>
        <startDate></startDate>
        <endDate></endDate>
        <venue> indoor stadium</venue>
        <priority>MEDIUM</priority>
        <status>IGNORE</status>
        <pinTask>UNPIN</pinTask>
        <tagged>concert</tagged>
    </tasks>
    <tasks>
        <name>research on GUI design templates for CS2103</name>
        <startDate></startDate>
        <endDate></endDate>
        <venue></venue>
        <priority>MEDIUM</priority>
        <status>DONE</status>
        <pinTask>UNPIN</pinTask>
        <tagged>coding</tagged>
        <tagged>design</tagged>
    </tasks>
    <tasks>
        <name>submit CS1010E teaching claims</name>
        <startDate></startDate>
        <endDate>Fri Nov 18 16:54:47 GMT+08:00 2016</endDate>
        <venue></venue>
        <priority>HIGH</priority>
        <status>ACTIVE</status>
        <pinTask>PIN</pinTask>
        <tagged>money</tagged>
    </tasks>
    <tasks>
        <name>initiate meetup with Secondary School friends</name>
        <startDate>Thu Dec 01 16:55:57 GMT+08:00 2016</startDate>
        <endDate></endDate>
        <venue></venue>
        <priority>MEDIUM</priority>
        <status>ACTIVE</status>
        <pinTask>UNPIN</pinTask>
        <tagged>friends</tagged>
    </tasks>
    <tasks>
        <name>buy travel insurance for Krabi trip</name>
        <startDate></startDate>
        <endDate>Sat Dec 31 16:57:28 GMT+08:00 2016</endDate>
        <venue></venue>
        <priority>MEDIUM</priority>
        <status>ACTIVE</status>
        <pinTask>UNPIN</pinTask>
        <tagged>safe</tagged>
    </tasks>
    <tasks>
        <name>play football</name>
        <startDate>Fri Nov 11 16:00:00 GMT+08:00 2016</startDate>
        <endDate>Fri Nov 11 21:00:00 GMT+08:00 2016</endDate>
        <venue></venue>
        <priority>MEDIUM</priority>
        <status>ACTIVE</status>
        <pinTask>PIN</pinTask>
    </tasks>
    <tasks>
        <name>study physics</name>
        <startDate></startDate>
        <endDate></endDate>
        <venue></venue>
        <priority>LOW</priority>
        <status>ACTIVE</status>
        <pinTask>UNPIN</pinTask>
    </tasks>
    <tasks>
        <name>do CS2103 project documentation</name>
        <startDate></startDate>
        <endDate>Mon Nov 07 23:59:00 SGT 2016</endDate>
        <venue></venue>
        <priority>HIGH</priority>
        <status>ACTIVE</status>
        <pinTask>PIN</pinTask>
    </tasks>
    <tasks>
        <name>learn python programming during holidays</name>
        <startDate></startDate>
        <endDate></endDate>
        <venue></venue>
        <priority>LOW</priority>
        <status>ACTIVE</status>
        <pinTask>UNPIN</pinTask>
    </tasks>
    <tasks>
        <name>learn swift programming during holidays</name>
        <startDate></startDate>
        <endDate></endDate>
        <venue></venue>
        <priority>LOW</priority>
        <status>ACTIVE</status>
        <pinTask>PIN</pinTask>
        <tagged>iOS</tagged>
    </tasks>
    <tasks>
        <name>do CS2010 PS6</name>
        <startDate></startDate>
        <endDate>Wed Nov 09 23:59:00 SGT 2016</endDate>
        <venue></venue>
        <priority>MEDIUM</priority>
        <status>DONE</status>
        <pinTask>UNPIN</pinTask>
        <tagged>CS2010</tagged>
        <tagged>TSP</tagged>
        <tagged>algorithm</tagged>
    </tasks>
    <tasks>
        <name>upgrade macBook Pro</name>
        <startDate></startDate>
        <endDate></endDate>
        <venue></venue>
        <priority>MEDIUM</priority>
        <status>IGNORE</status>
        <pinTask>UNPIN</pinTask>
    </tasks>
    <tasks>
        <name>CS2103 presentation</name>
        <startDate>Thu Nov 10 17:00:00 SGT 2016</startDate>
        <endDate>Thu Nov 10 18:00:00 SGT 2016</endDate>
        <venue> SOC</venue>
        <priority>MEDIUM</priority>
        <status>ACTIVE</status>
        <pinTask>PIN</pinTask>
        <tagged>allthebest</tagged>
    </tasks>
    <tasks>
        <name>EE2024 demo</name>
        <startDate>Fri Nov 11 09:00:00 SGT 2016</startDate>
        <endDate>Fri Nov 11 09:45:00 SGT 2016</endDate>
        <venue> Engine</venue>
        <priority>MEDIUM</priority>
        <status>ACTIVE</status>
        <pinTask>PIN</pinTask>
        <tagged>allthebest</tagged>
    </tasks>
    <tasks>
        <name>enjoy holidays</name>
        <startDate></startDate>
        <endDate></endDate>
        <venue></venue>
        <priority>MEDIUM</priority>
        <status>ACTIVE</status>
        <pinTask>UNPIN</pinTask>
        <tagged>chill</tagged>
    </tasks>
    <tasks>
        <name>plan holiday trip</name>
        <startDate>Thu Dec 01 16:14:46 SGT 2016</startDate>
        <endDate>Sat Dec 31 16:14:46 SGT 2016</endDate>
        <venue></venue>
        <priority>MEDIUM</priority>
        <status>ACTIVE</status>
        <pinTask>UNPIN</pinTask>
        <tagged>relax</tagged>
    </tasks>
    <tasks>
        <name>meet up with poly friends</name>
        <startDate></startDate>
        <endDate></endDate>
        <venue> Temasek Polytechnic</venue>
        <priority>MEDIUM</priority>
        <status>ACTIVE</status>
        <pinTask>UNPIN</pinTask>
        <tagged>missmypolylife</tagged>
        <tagged>buddies</tagged>
    </tasks>
    <tasks>
        <name>go for a run often</name>
        <startDate></startDate>
        <endDate></endDate>
        <venue></venue>
        <priority>LOW</priority>
        <status>ACTIVE</status>
        <pinTask>PIN</pinTask>
    </tasks>
    <tasks>
        <name>holidays nov 30</name>
        <startDate>Thu Dec 01 16:16:56 SGT 2016</startDate>
        <endDate></endDate>
        <venue></venue>
        <priority>MEDIUM</priority>
        <status>ACTIVE</status>
        <pinTask>UNPIN</pinTask>
        <tagged>yay</tagged>
    </tasks>
    <tasks>
        <name>final exams</name>
        <startDate>Wed Nov 23 16:18:17 SGT 2016</startDate>
        <endDate>Tue Nov 29 16:18:17 SGT 2016</endDate>
        <venue> NUS</venue>
        <priority>HIGH</priority>
        <status>ACTIVE</status>
        <pinTask>PIN</pinTask>
        <tagged>dowell</tagged>
    </tasks>
    <tasks>
        <name>study physics</name>
        <startDate></startDate>
        <endDate></endDate>
        <venue></venue>
        <priority>MEDIUM</priority>
        <status>ACTIVE</status>
        <pinTask>UNPIN</pinTask>
        <tagged>midterm</tagged>
    </tasks>
    <tasks>
        <name>take a break and have a kitkat</name>
        <startDate></startDate>
        <endDate></endDate>
        <venue></venue>
        <priority>LOW</priority>
        <status>ACTIVE</status>
        <pinTask>UNPIN</pinTask>
        <tagged>chill</tagged>
    </tasks>
    <tasks>
        <name>buy bag</name>
        <startDate></startDate>
        <endDate></endDate>
        <venue></venue>
        <priority>LOW</priority>
        <status>ACTIVE</status>
        <pinTask>UNPIN</pinTask>
    </tasks>
    <tasks>
        <name>physics mid term</name>
        <startDate>Tue Nov 08 12:00:00 SGT 2016</startDate>
        <endDate>Tue Nov 08 14:00:00 SGT 2016</endDate>
        <venue> S11</venue>
        <priority>HIGH</priority>
        <status>ACTIVE</status>
        <pinTask>UNPIN</pinTask>
        <tagged>youcandoit</tagged>
    </tasks>
    <tasks>
        <name>ee2024 demo</name>
        <startDate>Fri Nov 11 09:00:00 SGT 2016</startDate>
        <endDate>Fri Nov 11 10:00:00 SGT 2016</endDate>
        <venue></venue>
        <priority>HIGH</priority>
        <status>ACTIVE</status>
        <pinTask>UNPIN</pinTask>
    </tasks>
    <tasks>
        <name>do maths revision</name>
        <startDate></startDate>
        <endDate></endDate>
        <venue></venue>
        <priority>MEDIUM</priority>
        <status>ACTIVE</status>
        <pinTask>UNPIN</pinTask>
    </tasks>
    <tasks>
        <name>go for SEP briefing</name>
        <startDate></startDate>
        <endDate>Tue Nov 15 10:27:38 SGT 2016</endDate>
        <venue> NUS</venue>
        <priority>MEDIUM</priority>
        <status>ACTIVE</status>
        <pinTask>UNPIN</pinTask>
    </tasks>
    <tasks>
        <name>watch webcasts</name>
        <startDate></startDate>
        <endDate></endDate>
        <venue></venue>
        <priority>LOW</priority>
        <status>ACTIVE</status>
        <pinTask>UNPIN</pinTask>
    </tasks>
    <tasks>
        <name>do documentation</name>
        <startDate></startDate>
        <endDate></endDate>
        <venue></venue>
        <priority>HIGH</priority>
        <status>ACTIVE</status>
        <pinTask>UNPIN</pinTask>
        <tagged>important</tagged>
    </tasks>
    <tasks>
        <name>fix the bug in ee2024</name>
        <startDate></startDate>
        <endDate>Tue Nov 08 10:29:17 SGT 2016</endDate>
        <venue></venue>
        <priority>HIGH</priority>
        <status>ACTIVE</status>
        <pinTask>UNPIN</pinTask>
    </tasks>
    <tags>
        <tagName>coding</tagName>
    </tags>
    <tags>
        <tagName>grades</tagName>
    </tags>
    <tags>
        <tagName>stats</tagName>
    </tags>
    <tags>
        <tagName>termpaper</tagName>
    </tags>
    <tags>
        <tagName>money</tagName>
    </tags>
    <tags>
        <tagName>work</tagName>
    </tags>
    <tags>
        <tagName>chill</tagName>
    </tags>
    <tags>
        <tagName>holz</tagName>
    </tags>
    <tags>
        <tagName>friends</tagName>
    </tags>
    <tags>
        <tagName>brirthday</tagName>
    </tags>
    <tags>
        <tagName>exam</tagName>
    </tags>
    <tags>
        <tagName>exams</tagName>
    </tags>
    <tags>
        <tagName>party</tagName>
    </tags>
    <tags>
        <tagName>fashion</tagName>
    </tags>
    <tags>
        <tagName>hipster</tagName>
    </tags>
    <tags>
        <tagName>fitness</tagName>
    </tags>
    <tags>
        <tagName>writing</tagName>
    </tags>
    <tags>
        <tagName>concert</tagName>
    </tags>
    <tags>
        <tagName>design</tagName>
    </tags>
    <tags>
        <tagName>safe</tagName>
    </tags>
    <tags>
        <tagName>family</tagName>
    </tags>
    <tags>
        <tagName>iOS</tagName>
    </tags>
    <tags>
        <tagName>CS2010</tagName>
    </tags>
    <tags>
        <tagName>TSP</tagName>
    </tags>
    <tags>
        <tagName>algorithm</tagName>
    </tags>
    <tags>
        <tagName>allthebest</tagName>
    </tags>
    <tags>
        <tagName>relax</tagName>
    </tags>
    <tags>
        <tagName>buddies</tagName>
    </tags>
    <tags>
        <tagName>missmypolylife</tagName>
    </tags>
    <tags>
        <tagName>yay</tagName>
    </tags>
    <tags>
        <tagName>dowell</tagName>
    </tags>
    <tags>
        <tagName>midterm</tagName>
    </tags>
    <tags>
        <tagName>youcandoit</tagName>
    </tags>
    <tags>
        <tagName>important</tagName>
    </tags>
</taskbook>
